Prompt,Filename
A futuristic city skyline at sunset,01.png
A cyberpunk street market at night,02.png
A cozy library with glowing candles,03.png
A watercolor painting of a mountain village,04.png
A robot chef cooking breakfast,05.png
An astronaut riding a horse on Mars,06.png
A dragon flying over a medieval castle,07.png
A photorealistic cat wearing sunglasses,08.png
A spaceship landing in a desert,09.png
A magical forest with glowing mushrooms,10.png
A surreal desert with floating pyramids,11.png
A neon-lit samurai warrior,12.png
A stormy sea with a lighthouse,13.png
A fantasy castle on top of a floating island,14.png
A steampunk airship flying over London,15.png
A retro 80s synthwave sunset,16.png
A winter cabin surrounded by snow,17.png
A futuristic train racing through the mountains,18.png
A cute robot playing guitar,19.png
A mystical portal in the forest,20.png
A glowing jellyfish in deep ocean,21.png
A futuristic sports car on Mars,22.png
A giant library with endless bookshelves,23.png
A galaxy shaped like a spiral of butterflies,24.png
A Viking warrior in battle armor,25.png
A giant tree with a city built inside,26.png
A robot painting a human portrait,27.png
A floating island with waterfalls,28.png
A fantasy dragon made of crystal,29.png
A medieval knight fighting a robot,30.png
